{
  "task": "anomaly_detection",
  "n_samples": 122544,
  "n_anomalies": 3636,
  "n_features": 17,
  "models": {
    "isolation_forest": {
      "precision": 0.20262840284269462,
      "recall": 0.41556655665452263,
      "f1": 0.2724240467962046,
      "train_time_sec": 0.9725816249847412
    },
    "lof": {
      "precision": 0.04716057441245568,
      "recall": 0.07948294829461089,
      "f1": 0.05919704571475846,
      "train_time_sec": 80.92672443389893
    },
    "ocsvm": {
      "precision": 0.36233183856466133,
      "recall": 0.9999999999972498,
      "f1": 0.5319288966871697,
      "train_time_sec": 1.0978775024414062
    },
    "autoencoder": {
      "precision": 0.5933420365525566,
      "recall": 0.9999999999972498,
      "f1": 0.7447767261721823,
      "threshold": 0.00862150136381387,
      "train_time_sec": 23.860349655151367
    },
    "dbscan": {
      "precision": 0.03882956001708257,
      "recall": 0.9999999999972498,
      "f1": 0.07475636261767186,
      "train_time_sec": 45.73239183425903
    },
    "ensemble": {
      "precision": 0.42343076743865904,
      "recall": 0.9999999999972498,
      "f1": 0.5949439539311351
    }
  }
}