{
  "task": "delay_prediction",
  "data_size": 492744,
  "n_features": 24,
  "models": {
    "xgboost": {
      "mae": 1.059512972831726,
      "rmse": 1.2989591360092163,
      "r2": 0.9515896663069725,
      "train_time_sec": 40.32760143280029
    },
    "lightgbm": {
      "mae": 1.0612968266223861,
      "rmse": 1.299256399699988,
      "r2": 0.9515675063532096,
      "train_time_sec": 30.05340075492859
    },
    "catboost": {
      "mae": 1.0823681117810728,
      "rmse": 1.3164218641604413,
      "r2": 0.9502792954126673,
      "train_time_sec": 33.70686912536621
    },
    "svr": {
      "mae": 1.4359820459436505,
      "rmse": 1.849178259707218,
      "r2": 0.9018919466399365,
      "train_time_sec": 493.09507942199707
    },
    "mlp": {
      "mae": 1.355216383934021,
      "rmse": 1.7166801691055298,
      "r2": 0.9154476076364517,
      "train_time_sec": 26.039048194885254
    },
    "ensemble": {
      "mae": 1.073765778075432,
      "rmse": 1.30719704533803,
      "r2": 0.9509736889950887,
      "train_time_sec": 22.76504945755005
    }
  }
}