{
  "task": "demand_prediction",
  "data_size": 490464,
  "sample_frac": 0.2,
  "n_features": 23,
  "models": {
    "lstm": {
      "mae": 1.7096470594406128,
      "rmse": 2.795374870300293,
      "mape": 7.359768450260162,
      "r2": 0.9902058057487011,
      "train_time_sec": 90.30482029914856
    },
    "gru": {
      "mae": 1.8763161897659302,
      "rmse": 2.8117547035217285,
      "mape": 8.816911280155182,
      "r2": 0.9900906886905432,
      "train_time_sec": 119.75159192085266
    },
    "transformer": {
      "mae": 1.646425485610962,
      "rmse": 2.7652299404144287,
      "mape": 8.221953362226486,
      "r2": 0.9904159065335989,
      "train_time_sec": 431.3753457069397
    },
    "xgboost": {
      "mae": 1.3640459775924683,
      "rmse": 2.431628465652466,
      "mape": 6.011645123362541,
      "r2": 0.9925888944417238,
      "best_iter": 499,
      "train_time_sec": 36.761698961257935
    },
    "lightgbm": {
      "mae": 1.4057107734841303,
      "rmse": 2.4543197841939097,
      "mape": 6.345844275428209,
      "r2": 0.9924499316976048,
      "best_iter": 500,
      "train_time_sec": 19.029574394226074
    },
    "random_forest": {
      "mae": 1.4462015461802515,
      "rmse": 2.7501912177501766,
      "mape": 6.524723379766168,
      "r2": 0.9905198684053856,
      "train_time_sec": 101.8712739944458
    }
  }
}