Method,Precision,Recall,F1,Time (s)
Autoencoder,0.5933420365525566,0.9999999999972498,0.7447767261721823,23.860349655151367
Ensemble,0.42343076743865904,0.9999999999972498,0.5949439539311351,0.0
Ocsvm,0.36233183856466133,0.9999999999972498,0.5319288966871697,1.0978775024414062
Isolation Forest,0.20262840284269462,0.41556655665452263,0.2724240467962046,0.9725816249847412
Dbscan,0.03882956001708257,0.9999999999972498,0.07475636261767186,45.73239183425903
Lof,0.04716057441245568,0.07948294829461089,0.05919704571475846,80.92672443389893
