Model,MAE (min),RMSE (min),R²,Time (s)
Xgboost,1.059512972831726,1.2989591360092163,0.9515896663069725,40.32760143280029
Lightgbm,1.0612968266223861,1.299256399699988,0.9515675063532096,30.05340075492859
Ensemble,1.073765778075432,1.30719704533803,0.9509736889950887,22.76504945755005
Catboost,1.0823681117810728,1.3164218641604413,0.9502792954126673,33.70686912536621
Mlp,1.355216383934021,1.7166801691055298,0.9154476076364517,26.039048194885254
Svr,1.4359820459436505,1.849178259707218,0.9018919466399365,493.09507942199707
