Model,MAE,RMSE,MAPE,R²,Time (s)
Xgboost,1.3640459775924683,2.431628465652466,6.011645123362541,0.9925888944417238,36.761698961257935
Lightgbm,1.4057107734841303,2.4543197841939097,6.345844275428209,0.9924499316976048,19.029574394226074
Random Forest,1.4462015461802515,2.7501912177501766,6.524723379766168,0.9905198684053856,101.8712739944458
Transformer,1.646425485610962,2.7652299404144287,8.221953362226486,0.9904159065335989,431.3753457069397
Lstm,1.7096470594406128,2.795374870300293,7.359768450260162,0.9902058057487011,90.30482029914856
Gru,1.8763161897659302,2.8117547035217285,8.816911280155182,0.9900906886905432,119.75159192085266
